split,scene_id,family,status,N,q_tie_count,fitted_candidates,planted_in_pool,planted_in_neighbors,true_k,best_k,best_branch,best_ari,best_LB,best_UB,best_rms_cents,second_minus_best,planted_LB,planted_UB,rival_status,rival_delta_UB,margin_LB,margin_UB,old_ari_decoupled_source,old_ari_fixed_pairs,old_ari_fixed_shared,old_ari_historical,old_ari_local_compatibility,old_ari_pairs_structure,old_ari_shared_source
iid,13,base,COMPLETE,16,0,65,1,0,2,2,base-low,1.0,7.290627643025561,7.2906276430257355,1.9092704945902421,1684.2676500294717,7.290627643025561,7.2906276430257355,PLANTED_BETTER_ON_GRID,1684.2676500294717,1684.2676500294622,1684.267650029472,1.0,1.0,1.0,1.0,1.0,1.0,1.0
iid,13,extended,COMPLETE,16,0,65,1,0,2,2,base-low,1.0,7.290627643025561,7.2906276430257355,1.9092704945902421,1659.8182955532131,7.290627643025561,7.2906276430257355,PLANTED_BETTER_ON_GRID,1659.8182955532131,1659.8182955532207,1659.8182955532134,1.0,1.0,1.0,1.0,1.0,1.0,1.0
iid,30,base,COMPLETE,23,0,66,1,0,3,3,base-low,1.0,6.867814595859066,6.867814595860153,1.5455759692816642,0.6127120353551456,6.867814595859066,6.867814595860153,PLANTED_BETTER_ON_GRID,0.6127120353551456,0.6127120353558642,0.6127120353562328,0.895038360084183,0.9173901579461852,0.895038360084183,0.8761278172539252,0.895038360084183,0.895038360084183,0.9024889593715171
iid,30,extended,COMPLETE,23,0,66,1,0,3,3,base-low,1.0,6.867814595859066,6.867814595860153,1.5455759692816642,0.6127120353551456,6.867814595859066,6.867814595860153,PLANTED_BETTER_ON_GRID,0.6127120353551456,0.6127120353558642,0.6127120353562328,0.895038360084183,0.9173901579461852,0.895038360084183,0.8761278172539252,0.895038360084183,0.895038360084183,0.9024889593715171
iid,66,base,COMPLETE,20,0,65,1,0,3,3,base-low,1.0,5.276977760414518,5.276977760415242,1.4528561883979063,11.354666500900205,5.276977760414518,5.276977760415242,PLANTED_BETTER_ON_GRID,11.354666500900205,11.354666500899373,11.35466650090093,1.0,1.0,1.0,1.0,1.0,1.0,1.0
iid,66,extended,COMPLETE,20,0,65,1,0,3,3,base-low,1.0,5.276977760414518,5.276977760415242,1.4528561883979063,11.354666500900205,5.276977760414518,5.276977760415242,PLANTED_BETTER_ON_GRID,11.354666500900205,11.354666500899373,11.35466650090093,1.0,1.0,1.0,1.0,1.0,1.0,1.0
iid,131,base,COMPLETE,14,0,57,1,0,2,2,base-low,1.0,4.424041878170167,4.424041878168736,1.5899760785565793,5.295327324034294,4.424041878170167,4.424041878168736,PLANTED_BETTER_ON_GRID,5.295327324034294,5.295327324033409,5.295327324032863,1.0,1.0,1.0,1.0,1.0,1.0,1.0
iid,131,extended,COMPLETE,14,0,57,1,0,2,2,base-low,1.0,4.424041878170167,4.424041878168736,1.5899760785565793,5.295327324034294,4.424041878170167,4.424041878168736,PLANTED_BETTER_ON_GRID,5.295327324034294,5.295327324033409,5.295327324032863,1.0,1.0,1.0,1.0,1.0,1.0,1.0
iid,163,base,COMPLETE,14,0,57,1,0,2,2,base-low,1.0,6.155362177640242,6.155362177641867,1.875459894477979,25.95566752956473,6.155362177640242,6.155362177641867,PLANTED_BETTER_ON_GRID,25.95566752956473,25.955667529562827,25.955667529566355,0.9457427812803402,0.9105211406096362,0.9105211406096362,0.9630351775123892,0.9358012038079819,0.9876783925041299,0.9654152075359015
iid,163,extended,COMPLETE,14,0,57,1,0,2,2,base-low,1.0,6.155362177640242,6.155362177641867,1.875459894477979,25.95566752956473,6.155362177640242,6.155362177641867,PLANTED_BETTER_ON_GRID,25.95566752956473,25.955667529562827,25.955667529566355,0.9457427812803402,0.9105211406096362,0.9105211406096362,0.9630351775123892,0.9358012038079819,0.9876783925041299,0.9654152075359015
iid,190,base,COMPLETE,13,0,56,1,0,2,2,base-low,1.0,3.0904580793355128,3.0904580793362153,1.379065029835288,462.56638022489324,3.0904580793355128,3.0904580793362153,PLANTED_BETTER_ON_GRID,462.56638022489324,462.56638022489335,462.5663802248939,1.0,1.0,1.0,1.0,1.0,1.0,1.0
iid,190,extended,COMPLETE,13,0,56,1,0,2,2,base-low,1.0,3.0904580793355128,3.0904580793362153,1.379065029835288,462.56638022489324,3.0904580793355128,3.0904580793362153,PLANTED_BETTER_ON_GRID,462.56638022489324,462.56638022489335,462.5663802248939,1.0,1.0,1.0,1.0,1.0,1.0,1.0
iid,228,base,COMPLETE,22,0,65,0,1,3,3,base-low,1.0,6.703087171898672,6.703087171899573,1.561245094252365,1.6022708876310423,6.703087171898672,6.703087171899573,PLANTED_BETTER_ON_GRID,1.6022708876310423,1.6022708876296567,1.602270887631943,0.7490802612488665,0.7363326912042464,0.7363326912042464,0.7145581826448353,0.751536166584879,0.7448310712339931,0.7490802612488665
iid,228,extended,COMPLETE,22,0,65,0,1,3,3,base-low,1.0,6.703087171898672,6.703087171899573,1.561245094252365,1.6022708876310423,6.703087171898672,6.703087171899573,PLANTED_BETTER_ON_GRID,1.6022708876310423,1.6022708876296567,1.602270887631943,0.7490802612488665,0.7363326912042464,0.7363326912042464,0.7145581826448353,0.751536166584879,0.7448310712339931,0.7490802612488665
iid,231,base,COMPLETE,14,0,57,1,0,2,2,base-low,1.0,3.4521237902120196,3.4521237902108957,1.4045078019843242,5.407121089782494,3.4521237902120196,3.4521237902108957,PLANTED_BETTER_ON_GRID,5.407121089782494,5.407121089781741,5.407121089781371,1.0,1.0,1.0,1.0,1.0,1.0,1.0
iid,231,extended,COMPLETE,14,0,57,1,0,2,2,base-low,1.0,3.4521237902120196,3.4521237902108957,1.4045078019843242,5.407121089782494,3.4521237902120196,3.4521237902108957,PLANTED_BETTER_ON_GRID,5.407121089782494,5.407121089781741,5.407121089781371,1.0,1.0,1.0,1.0,1.0,1.0,1.0
iid,277,base,COMPLETE,10,0,36,1,0,2,2,base-low,1.0,3.2512630794351094,3.2512630794350414,1.6127648506673355,1430.5910572112587,3.2512630794351094,3.2512630794350414,PLANTED_BETTER_ON_GRID,1430.5910572112587,1430.5910572112593,1430.5910572112587,1.0,1.0,1.0,1.0,1.0,1.0,1.0
iid,277,extended,COMPLETE,10,0,36,1,0,2,2,base-low,1.0,3.2512630794351094,3.2512630794350414,1.6127648506673355,1430.5910572112587,3.2512630794351094,3.2512630794350414,PLANTED_BETTER_ON_GRID,1430.5910572112587,1430.5910572112593,1430.5910572112587,1.0,1.0,1.0,1.0,1.0,1.0,1.0
iid,297,base,COMPLETE,16,0,66,1,0,3,3,base-low,1.0,8.642708260021282,8.642708260021454,2.078786696611927,94.89994098139401,8.642708260021282,8.642708260021454,PLANTED_BETTER_ON_GRID,94.89994098139401,94.89994098140093,94.89994098139418,0.9590862598022503,0.9052700849292068,0.9052700849292068,0.9800133244503664,0.9524240346190391,0.9524240346190391,0.9590862598022503
iid,297,extended,COMPLETE,16,0,66,1,0,3,3,base-low,1.0,8.642708260021282,8.642708260021454,2.078786696611927,94.89994098139401,8.642708260021282,8.642708260021454,PLANTED_BETTER_ON_GRID,94.89994098139401,94.89994098140093,94.89994098139418,0.9590862598022503,0.9052700849292068,0.9052700849292068,0.9800133244503664,0.9524240346190391,0.9524240346190391,0.9590862598022503
iid,308,base,COMPLETE,18,0,65,1,0,3,3,base-low,1.0,13.415123914390024,13.415123914388822,2.441777486849273,177.42230276578408,13.415123914390024,13.415123914388822,PLANTED_BETTER_ON_GRID,177.42230276578408,177.42230276578593,177.4223027657829,1.0,1.0,1.0,1.0,1.0,1.0,1.0
iid,308,extended,COMPLETE,18,0,65,1,0,3,3,deformed-low,1.0,13.005650371646825,13.005650371644371,2.4042231706029473,177.83177630852853,13.005650371646825,13.005650371644371,PLANTED_BETTER_ON_GRID,177.83177630852853,177.83177630853038,177.8317763085261,1.0,1.0,1.0,1.0,1.0,1.0,1.0
iid,341,base,COMPLETE,12,0,41,1,0,2,2,base-low,1.0,1.672204496855825,1.672204496855584,1.0558423167801796,72.87555182242689,1.672204496855825,1.672204496855584,PLANTED_BETTER_ON_GRID,72.87555182242689,72.87555182242659,72.87555182242664,1.0,1.0,1.0,1.0,1.0,1.0,1.0
iid,341,extended,COMPLETE,12,0,41,1,0,2,2,base-low,1.0,1.672204496855825,1.672204496855584,1.0558423167801796,66.70061325600952,1.672204496855825,1.672204496855584,PLANTED_BETTER_ON_GRID,66.70061325600952,66.70061325600992,66.70061325600928,1.0,1.0,1.0,1.0,1.0,1.0,1.0
iid,348,base,COMPLETE,10,0,36,1,0,2,2,base-low,1.0,3.5720656730672937,3.5720656730677405,1.6904592684990054,251.43467440399854,3.5720656730672937,3.5720656730677405,PLANTED_BETTER_ON_GRID,251.43467440399854,251.43467440398888,251.43467440399897,1.0,1.0,1.0,1.0,1.0,1.0,1.0
iid,348,extended,COMPLETE,10,0,36,1,0,2,2,base-low,1.0,3.5720656730672937,3.5720656730677405,1.6904592684990054,251.43467440399854,3.5720656730672937,3.5720656730677405,PLANTED_BETTER_ON_GRID,251.43467440399854,251.43467440398888,251.43467440399897,1.0,1.0,1.0,1.0,1.0,1.0,1.0
iid,367,base,COMPLETE,9,0,26,1,0,2,2,base-low,1.0,3.5276826820852825,3.5276826820863985,1.7707958492249585,175.30354632706545,3.5276826820852825,3.5276826820863985,PLANTED_BETTER_ON_GRID,175.30354632706545,175.303546327061,175.30354632706658,1.0,1.0,1.0,1.0,1.0,1.0,1.0
iid,367,extended,COMPLETE,9,0,26,1,0,2,2,base-low,1.0,3.5276826820852825,3.5276826820863985,1.7707958492249585,175.30354632706545,3.5276826820852825,3.5276826820863985,PLANTED_BETTER_ON_GRID,175.30354632706545,175.303546327061,175.30354632706658,1.0,1.0,1.0,1.0,1.0,1.0,1.0
iid,391,base,COMPLETE,11,0,36,0,1,2,2,base-low,0.6357615894039735,5.1402716277097955,5.140271627709918,1.9334889101329673,0.28722016478175405,5.427491792491707,5.427491792491672,RIVAL_BETTER_ON_GRID,-0.28722016478175405,-0.2872201647818766,-0.2872201647817887,0.6357615894039735,0.6357615894039735,0.6357615894039735,0.6357615894039735,0.6357615894039735,0.6357615894039735,0.6357615894039735
iid,391,extended,COMPLETE,11,0,36,0,1,2,2,base-low,0.6357615894039735,5.1402716277097955,5.140271627709918,1.9334889101329673,0.28722016478175405,5.427491792491707,5.427491792491672,RIVAL_BETTER_ON_GRID,-0.28722016478175405,-0.2872201647818766,-0.2872201647817887,0.6357615894039735,0.6357615894039735,0.6357615894039735,0.6357615894039735,0.6357615894039735,0.6357615894039735,0.6357615894039735
iid,398,base,COMPLETE,20,0,66,1,0,3,3,base-low,0.7270471464019851,6.985531329024247,6.985531329024201,1.6715898215799574,1.923408890785999,8.90894021980883,8.9089402198102,RIVAL_BETTER_ON_GRID,-1.923408890785999,-1.9234088907859528,-1.9234088907846294,0.8180314309346568,0.8180314309346568,0.8180314309346568,0.8180314309346568,0.8180314309346568,0.8180314309346568,0.8180314309346568
iid,398,extended,COMPLETE,20,0,66,1,0,3,3,base-low,0.7270471464019851,6.985531329024247,6.985531329024201,1.6715898215799574,1.923408890785999,8.90894021980883,8.9089402198102,RIVAL_BETTER_ON_GRID,-1.923408890785999,-1.9234088907859528,-1.9234088907846294,0.8180314309346568,0.8180314309346568,0.8180314309346568,0.8180314309346568,0.8180314309346568,0.8180314309346568,0.8180314309346568
iid,424,base,COMPLETE,14,0,64,1,0,2,2,base-low,1.0,10.758830633798212,10.758830633798494,2.4794965656990446,148.47601402111053,10.758830633798212,10.758830633798494,PLANTED_BETTER_ON_GRID,148.47601402111053,148.4760140211057,148.4760140211108,1.0,1.0,1.0,1.0,1.0,1.0,1.0
iid,424,extended,COMPLETE,14,0,64,1,0,2,2,base-low,1.0,10.758830633798212,10.758830633798494,2.4794965656990446,148.47601402111053,10.758830633798212,10.758830633798494,PLANTED_BETTER_ON_GRID,148.47601402111053,148.4760140211057,148.4760140211108,1.0,1.0,1.0,1.0,1.0,1.0,1.0
iid,444,base,COMPLETE,11,0,36,1,0,2,2,base-low,1.0,1.8310192709438982,1.8310192709435897,1.1539715676168392,6.858158722410004,1.8310192709438982,1.8310192709435897,PLANTED_BETTER_ON_GRID,6.858158722410004,6.858158722411225,6.858158722409696,1.0,1.0,1.0,1.0,1.0,1.0,1.0
iid,444,extended,COMPLETE,11,0,36,1,0,2,2,base-low,1.0,1.8310192709438982,1.8310192709435897,1.1539715676168392,6.858158722410004,1.8310192709438982,1.8310192709435897,PLANTED_BETTER_ON_GRID,6.858158722410004,6.858158722411225,6.858158722409696,1.0,1.0,1.0,1.0,1.0,1.0,1.0
iid,445,base,COMPLETE,15,0,65,1,0,2,2,base-low,1.0,4.368196842875807,4.368196842875897,1.526337113113337,1429.20878148733,4.368196842875807,4.368196842875897,PLANTED_BETTER_ON_GRID,1429.20878148733,1429.2087814873198,1429.2087814873303,1.0,1.0,1.0,1.0,1.0,1.0,1.0
iid,445,extended,COMPLETE,15,0,65,1,0,2,2,base-low,1.0,4.368196842875807,4.368196842875897,1.526337113113337,1429.20878148733,4.368196842875807,4.368196842875897,PLANTED_BETTER_ON_GRID,1429.20878148733,1429.2087814873198,1429.2087814873303,1.0,1.0,1.0,1.0,1.0,1.0,1.0
iid,453,base,COMPLETE,14,0,64,1,0,2,2,base-low,1.0,5.399172358120111,5.399172358121077,1.7564855101872485,6.55135057984091,5.399172358120111,5.399172358121077,PLANTED_BETTER_ON_GRID,6.55135057984091,6.551350579842226,6.551350579841875,1.0,1.0,1.0,1.0,1.0,1.0,1.0
iid,453,extended,COMPLETE,14,0,64,1,0,2,2,base-low,1.0,5.399172358120111,5.399172358121077,1.7564855101872485,6.55135057984091,5.399172358120111,5.399172358121077,PLANTED_BETTER_ON_GRID,6.55135057984091,6.551350579842226,6.551350579841875,1.0,1.0,1.0,1.0,1.0,1.0,1.0
iid,472,base,COMPLETE,21,0,66,1,0,3,3,base-low,0.8663271801400382,3.2434904713799706,3.2434904713805213,1.1115823935582845,0.4424727623124656,3.6859632336926578,3.685963233692987,RIVAL_BETTER_ON_GRID,-0.4424727623124656,-0.44247276231301624,-0.4424727623121365,0.9108847867600254,0.9108847867600254,0.9108847867600254,0.9108847867600254,0.9108847867600254,0.9108847867600254,0.9108847867600254
iid,472,extended,COMPLETE,21,0,66,1,0,3,3,base-low,0.8663271801400382,3.2434904713799706,3.2434904713805213,1.1115823935582845,0.4424727623124656,3.6859632336926578,3.685963233692987,RIVAL_BETTER_ON_GRID,-0.4424727623124656,-0.44247276231301624,-0.4424727623121365,0.9108847867600254,0.9108847867600254,0.9108847867600254,0.9108847867600254,0.9108847867600254,0.9108847867600254,0.9108847867600254
iid,482,base,COMPLETE,20,0,65,1,0,3,3,base-low,1.0,11.89845426833019,11.898454268328639,2.1816007213354456,992.1121809212589,11.89845426833019,11.898454268328639,PLANTED_BETTER_ON_GRID,992.1121809212589,992.1121809212599,992.1121809212574,1.0,1.0,1.0,1.0,1.0,1.0,1.0
iid,482,extended,COMPLETE,20,0,65,1,0,3,3,base-low,1.0,11.89845426833019,11.898454268328639,2.1816007213354456,989.9139801929626,11.89845426833019,11.898454268328639,PLANTED_BETTER_ON_GRID,989.9139801929626,989.913980192957,989.9139801929612,1.0,1.0,1.0,1.0,1.0,1.0,1.0
iid,492,base,COMPLETE,14,0,66,1,0,3,3,base-low,1.0,6.465417728383942,6.465417728383913,1.9221145689628698,72.53165012252471,6.465417728383942,6.465417728383913,PLANTED_BETTER_ON_GRID,72.53165012252471,72.5316501225214,72.53165012252468,1.0,1.0,1.0,1.0,1.0,1.0,1.0
iid,492,extended,COMPLETE,14,0,66,1,0,3,3,base-low,1.0,6.465417728383942,6.465417728383913,1.9221145689628698,72.53165012252471,6.465417728383942,6.465417728383913,PLANTED_BETTER_ON_GRID,72.53165012252471,72.5316501225214,72.53165012252468,1.0,1.0,1.0,1.0,1.0,1.0,1.0
iid,507,base,COMPLETE,20,0,65,1,0,3,3,base-low,1.0,5.645688883295129,5.645688883295534,1.5027559859531967,199.14710083092433,5.645688883295129,5.645688883295534,PLANTED_BETTER_ON_GRID,199.14710083092433,199.14710083092444,199.14710083092476,1.0,1.0,1.0,1.0,1.0,1.0,1.0
iid,507,extended,COMPLETE,20,0,65,1,0,3,3,base-low,1.0,5.645688883295129,5.645688883295534,1.5027559859531967,199.14710083092433,5.645688883295129,5.645688883295534,PLANTED_BETTER_ON_GRID,199.14710083092433,199.14710083092444,199.14710083092476,1.0,1.0,1.0,1.0,1.0,1.0,1.0
ood_beta,6,base,COMPLETE,18,0,66,1,0,3,3,base-high,1.0,5.209148866760447,5.20914886676153,1.5215706602442904,88.53402318184087,5.209148866760447,5.20914886676153,PLANTED_BETTER_ON_GRID,88.53402318184087,88.53402318184133,88.53402318184195,0.5135478008993809,0.5716336040105597,0.5716336040105597,0.5735354595000385,0.6157235431760969,0.5035830404587914,0.6084147978786876
ood_beta,6,extended,COMPLETE,18,0,66,1,0,3,3,base-high,1.0,5.209148866760447,5.20914886676153,1.5215706602442904,88.53402318184087,5.209148866760447,5.20914886676153,PLANTED_BETTER_ON_GRID,88.53402318184087,88.53402318184133,88.53402318184195,0.5135478008993809,0.5716336040105597,0.5716336040105597,0.5735354595000385,0.6157235431760969,0.5035830404587914,0.6084147978786876
ood_beta,9,base,COMPLETE,14,0,57,0,0,3,2,base-high,0.28063241106719367,14322.63252695583,14322.632526955766,90.46746069153659,246.3725123774493,2.999428852485668,2.9994288524847477,PLANTED_BETTER_ON_GRID,14319.63309810328,14319.633098103344,14319.63309810328,0.3563428303403763,0.32211695810428354,0.3813705760020085,0.3020307952607115,0.37000223302884644,0.3563428303403763,0.3563428303403763
ood_beta,9,extended,COMPLETE,14,0,57,0,0,3,2,base-high,0.28063241106719367,14322.63252695583,14322.632526955766,90.46746069153659,246.3725123774493,2.999428852485668,2.9994288524847477,PLANTED_BETTER_ON_GRID,14319.63309810328,14319.633098103344,14319.63309810328,0.3563428303403763,0.32211695810428354,0.3813705760020085,0.3020307952607115,0.37000223302884644,0.3563428303403763,0.3563428303403763
ood_beta,13,base,COMPLETE,12,0,48,1,0,2,2,base-high,1.0,1.6750876698823294,1.6750876698825188,1.0567521531820803,185.7373417051784,1.6750876698823294,1.6750876698825188,PLANTED_BETTER_ON_GRID,185.7373417051784,185.73734170518972,185.7373417051786,0.6899833461097107,0.6690162969649501,0.6690162969649501,0.8967136150234742,0.724412141101886,0.6690162969649501,0.7109503952544711
ood_beta,13,extended,COMPLETE,12,0,48,1,0,2,2,base-high,1.0,1.6750876698823294,1.6750876698825188,1.0567521531820803,185.7373417051784,1.6750876698823294,1.6750876698825188,PLANTED_BETTER_ON_GRID,185.7373417051784,185.73734170518972,185.7373417051786,0.6899833461097107,0.6690162969649501,0.6690162969649501,0.8967136150234742,0.724412141101886,0.6690162969649501,0.7109503952544711
ood_beta,19,base,COMPLETE,16,0,66,0,1,3,3,base-high,1.0,6.135041535106267,6.135041535106344,1.7514339175524702,163.674785824653,6.135041535106267,6.135041535106344,PLANTED_BETTER_ON_GRID,163.674785824653,163.67478582465964,163.67478582465307,0.492957291669374,0.4856396668037218,0.4856396668037218,0.5289549141671384,0.525496817548035,0.49617572219031914,0.5600803960084445
ood_beta,19,extended,COMPLETE,16,0,66,0,1,3,3,base-high,1.0,6.135041535106267,6.135041535106344,1.7514339175524702,163.674785824653,6.135041535106267,6.135041535106344,PLANTED_BETTER_ON_GRID,163.674785824653,163.67478582465964,163.67478582465307,0.492957291669374,0.4856396668037218,0.4856396668037218,0.5289549141671384,0.525496817548035,0.49617572219031914,0.5600803960084445
ood_beta,49,base,COMPLETE,18,0,67,1,0,3,3,base-high,1.0,5.535949433622318,5.535949433621757,1.568573227649436,1475.0181289192683,5.535949433622318,5.535949433621757,PLANTED_BETTER_ON_GRID,1475.0181289192683,1475.0181289192772,1475.0181289192676,0.8971538883914799,0.8971538883914799,0.8971538883914799,0.8279255011836594,0.9185574938850952,0.9300748136200974,0.9136143510057886
ood_beta,49,extended,COMPLETE,18,0,67,1,0,3,3,base-high,1.0,5.535949433622318,5.535949433621757,1.568573227649436,1475.0181289192683,5.535949433622318,5.535949433621757,PLANTED_BETTER_ON_GRID,1475.0181289192683,1475.0181289192772,1475.0181289192676,0.8971538883914799,0.8971538883914799,0.8971538883914799,0.8279255011836594,0.9185574938850952,0.9300748136200974,0.9136143510057886
ood_beta,89,base,COMPLETE,13,0,66,1,0,2,2,base-high,1.0,2.011279169222963,2.0112791692230894,1.1125242729861933,0.28256560990362267,2.011279169222963,2.0112791692230894,PLANTED_BETTER_ON_GRID,0.28256560990362267,0.282565609904065,0.28256560990374924,0.8381673133907879,0.8493524199045671,0.8123711340206187,0.8523714094856379,0.8620195065978199,0.8446165614840314,0.8968253968253967
ood_beta,89,extended,COMPLETE,13,0,66,1,0,2,2,base-high,1.0,2.011279169222963,2.0112791692230894,1.1125242729861933,0.28256560990362267,2.011279169222963,2.0112791692230894,PLANTED_BETTER_ON_GRID,0.28256560990362267,0.282565609904065,0.28256560990374924,0.8381673133907879,0.8493524199045671,0.8123711340206187,0.8523714094856379,0.8620195065978199,0.8446165614840314,0.8968253968253967
ood_beta,107,base,COMPLETE,13,0,49,1,0,2,2,base-high,1.0,5.0419195019819,5.041919501982045,1.7614538579046866,113.16153432766201,5.0419195019819,5.041919501982045,PLANTED_BETTER_ON_GRID,113.16153432766201,113.16153432766203,113.16153432766217,0.804534141731694,0.6112145969738196,0.6112145969738196,0.8704318936877077,0.9195999176631299,0.7237691573569864,0.8390178682622983
ood_beta,107,extended,COMPLETE,13,0,49,1,0,2,2,base-high,1.0,5.0419195019819,5.041919501982045,1.7614538579046866,113.16153432766201,5.0419195019819,5.041919501982045,PLANTED_BETTER_ON_GRID,113.16153432766201,113.16153432766203,113.16153432766217,0.804534141731694,0.6112145969738196,0.6112145969738196,0.8704318936877077,0.9195999176631299,0.7237691573569864,0.8390178682622983
ood_beta,113,base,COMPLETE,13,0,66,1,0,2,2,base-high,1.0,3.6458794316057173,3.6458794316054854,1.4978711933131037,3.520760960313771,3.6458794316057173,3.6458794316054854,PLANTED_BETTER_ON_GRID,3.520760960313771,3.5207609603143704,3.520760960313539,1.0,0.903313049357674,0.8487337440109514,1.0,1.0,0.9825970548862115,1.0
ood_beta,113,extended,COMPLETE,13,0,66,1,0,2,2,base-high,1.0,3.6458794316057173,3.6458794316054854,1.4978711933131037,3.520760960313771,3.6458794316057173,3.6458794316054854,PLANTED_BETTER_ON_GRID,3.520760960313771,3.5207609603143704,3.520760960313539,1.0,0.903313049357674,0.8487337440109514,1.0,1.0,0.9825970548862115,1.0
ood_beta,127,base,COMPLETE,15,0,65,1,0,2,2,base-high,1.0,4.884227969006203,4.884227969006853,1.6139769463874887,91.37712303762324,4.884227969006203,4.884227969006853,PLANTED_BETTER_ON_GRID,91.37712303762324,91.37712303761907,91.37712303762389,0.7799601022880935,0.6798692034105415,0.6798692034105415,0.8576803095419796,0.7464216597038538,0.7799601022880935,0.7799601022880935
ood_beta,127,extended,COMPLETE,15,0,65,1,0,2,2,base-high,1.0,4.884227969006203,4.884227969006853,1.6139769463874887,91.37712303762324,4.884227969006203,4.884227969006853,PLANTED_BETTER_ON_GRID,91.37712303762324,91.37712303761907,91.37712303762389,0.7799601022880935,0.6798692034105415,0.6798692034105415,0.8576803095419796,0.7464216597038538,0.7799601022880935,0.7799601022880935
ood_beta,147,base,COMPLETE,16,0,65,0,1,3,3,base-high,1.0,6.225023129505219,6.225023129505217,1.7642311540023945,144.2548864966775,6.225023129505219,6.225023129505217,PLANTED_BETTER_ON_GRID,144.2548864966775,144.25488649667935,144.2548864966775,0.4577123617001444,0.4511394498277243,0.44520849835866483,0.45460187956361253,0.512229659640403,0.521726127294717,0.48174550040679925
ood_beta,147,extended,COMPLETE,16,0,65,0,1,3,3,base-high,1.0,6.225023129505219,6.225023129505217,1.7642311540023945,144.2548864966775,6.225023129505219,6.225023129505217,PLANTED_BETTER_ON_GRID,144.2548864966775,144.25488649667935,144.2548864966775,0.4577123617001444,0.4511394498277243,0.44520849835866483,0.45460187956361253,0.512229659640403,0.521726127294717,0.48174550040679925
ood_beta,167,base,COMPLETE,11,0,36,1,0,2,2,base-high,1.0,4.108593462147179,4.108593462146997,1.7286028961188442,219.66607100455326,4.108593462147179,4.108593462146997,PLANTED_BETTER_ON_GRID,219.66607100455326,219.66607100455218,219.66607100455306,0.7230380904845923,0.7189456382669079,0.7189456382669079,0.841492544952213,0.6413401526943889,0.5761925312700183,0.6291908264297544
ood_beta,167,extended,COMPLETE,11,0,36,1,0,2,2,base-high,1.0,4.108593462147179,4.108593462146997,1.7286028961188442,219.66607100455326,4.108593462147179,4.108593462146997,PLANTED_BETTER_ON_GRID,219.66607100455326,219.66607100455218,219.66607100455306,0.7230380904845923,0.7189456382669079,0.7189456382669079,0.841492544952213,0.6413401526943889,0.5761925312700183,0.6291908264297544
ood_beta,183,base,COMPLETE,17,0,65,1,0,3,3,base-high,1.0,13.145066968177135,13.14506696817491,2.487149747678347,265.13203381361535,13.145066968177135,13.14506696817491,PLANTED_BETTER_ON_GRID,265.13203381361535,265.13203381362973,265.1320338136131,0.47460821633483063,0.5513405346118804,0.5513405346118804,0.5677458187100672,0.4846574212088497,0.5470764403120764,0.4563953971491854
ood_beta,183,extended,COMPLETE,17,0,65,1,0,3,3,base-high,1.0,13.145066968177135,13.14506696817491,2.487149747678347,265.13203381361535,13.145066968177135,13.14506696817491,PLANTED_BETTER_ON_GRID,265.13203381361535,265.13203381362973,265.1320338136131,0.47460821633483063,0.5513405346118804,0.5513405346118804,0.5677458187100672,0.4846574212088497,0.5470764403120764,0.4563953971491854
ood_beta,211,base,COMPLETE,8,0,17,1,0,2,2,base-high,1.0,0.7294885104861446,0.7294885104859841,0.8541009954835335,693.3717318048473,0.7294885104861446,0.7294885104859841,PLANTED_BETTER_ON_GRID,693.3717318048473,693.3717318048427,693.3717318048472,0.7008363201911589,0.7126099706744867,0.7126099706744867,0.7878787878787878,0.6666666666666666,0.6757467144563919,0.6415770609318997
ood_beta,211,extended,COMPLETE,8,0,17,1,0,2,2,base-high,1.0,0.7294885104861446,0.7294885104859841,0.8541009954835335,693.3717318048473,0.7294885104861446,0.7294885104859841,PLANTED_BETTER_ON_GRID,693.3717318048473,693.3717318048427,693.3717318048472,0.7008363201911589,0.7126099706744867,0.7126099706744867,0.7878787878787878,0.6666666666666666,0.6757467144563919,0.6415770609318997
ood_beta,231,base,COMPLETE,15,0,67,1,0,2,2,base-high,1.0,7.203842951101318,7.203842951101253,1.960114683869459,19.998849771468258,7.203842951101318,7.203842951101253,PLANTED_BETTER_ON_GRID,19.998849771468258,19.998849771468834,19.99884977146819,0.7468543565526335,0.7731653769772343,0.7731653769772343,0.8271088293581867,0.7597078269896514,0.6280243754797437,0.7333968065650507
ood_beta,231,extended,COMPLETE,15,0,67,1,0,2,2,base-high,1.0,7.203842951101318,7.203842951101253,1.960114683869459,19.998849771468258,7.203842951101318,7.203842951101253,PLANTED_BETTER_ON_GRID,19.998849771468258,19.998849771468834,19.99884977146819,0.7468543565526335,0.7731653769772343,0.7731653769772343,0.8271088293581867,0.7597078269896514,0.6280243754797437,0.7333968065650507
ood_beta,236,base,COMPLETE,15,0,65,1,0,2,2,base-high,1.0,4.80010127542388,4.800101275423346,1.600016879148195,75.98023229586907,4.80010127542388,4.800101275423346,PLANTED_BETTER_ON_GRID,75.98023229586907,75.98023229586859,75.98023229586853,0.519359404012626,0.7002565791191498,0.6001656802415977,0.8968401054848116,0.519359404012626,0.519359404012626,0.519359404012626
ood_beta,236,extended,COMPLETE,15,0,65,1,0,2,2,base-high,1.0,4.80010127542388,4.800101275423346,1.600016879148195,75.98023229586907,4.80010127542388,4.800101275423346,PLANTED_BETTER_ON_GRID,75.98023229586907,75.98023229586859,75.98023229586853,0.519359404012626,0.7002565791191498,0.6001656802415977,0.8968401054848116,0.519359404012626,0.519359404012626,0.519359404012626
ood_beta,265,base,COMPLETE,14,0,57,1,0,2,2,base-high,1.0,4.092620585344407,4.092620585344606,1.5292613689237629,1000.7638685184116,4.092620585344407,4.092620585344606,PLANTED_BETTER_ON_GRID,1000.7638685184116,1000.7638685184043,1000.7638685184119,0.7994121969140338,1.0,1.0,1.0,0.8019128203923831,0.7994121969140338,0.8019128203923831
ood_beta,265,extended,COMPLETE,14,0,57,1,0,2,2,base-high,1.0,4.092620585344407,4.092620585344606,1.5292613689237629,1000.7638685184116,4.092620585344407,4.092620585344606,PLANTED_BETTER_ON_GRID,1000.7638685184116,1000.7638685184043,1000.7638685184119,0.7994121969140338,1.0,1.0,1.0,0.8019128203923831,0.7994121969140338,0.8019128203923831
ood_beta,271,base,COMPLETE,18,0,65,1,0,3,3,base-high,1.0,5.4825015038559926,5.482501503855643,1.560982810618651,8.252634935680698,5.4825015038559926,5.482501503855643,PLANTED_BETTER_ON_GRID,8.252634935680698,8.252634935682549,8.252634935680348,0.591736782057037,0.7753365662460888,0.6762389023591718,0.8648981207121604,0.7404917105772668,0.6320745062170453,0.6561961630254688
ood_beta,271,extended,COMPLETE,18,0,65,1,0,3,3,base-high,1.0,5.4825015038559926,5.482501503855643,1.560982810618651,8.252634935680698,5.4825015038559926,5.482501503855643,PLANTED_BETTER_ON_GRID,8.252634935680698,8.252634935682549,8.252634935680348,0.591736782057037,0.7753365662460888,0.6762389023591718,0.8648981207121604,0.7404917105772668,0.6320745062170453,0.6561961630254688
ood_beta,309,base,COMPLETE,16,0,65,0,0,3,2,base-low,0.3835616438356164,69389.15115870231,69389.15115870241,186.2647996250264,1144.1737089900125,4.06499410203775,4.06499410203851,PLANTED_BETTER_ON_GRID,69385.08616460038,69385.08616460027,69385.08616460038,0.6809786243665185,0.7391668254582932,0.7329977248010036,0.7048955411870089,0.6844595489000747,0.6866057031235957,0.662530562460671
ood_beta,309,extended,COMPLETE,16,0,65,0,0,3,2,deformed-low,0.3835616438356164,64770.40378679681,64770.40378679676,179.95888945367045,1077.0526244952416,4.06499410203775,4.06499410203851,PLANTED_BETTER_ON_GRID,64766.338792694725,64766.33879269477,64766.338792694725,0.6809786243665185,0.7391668254582932,0.7329977248010036,0.7048955411870089,0.6844595489000747,0.6866057031235957,0.662530562460671
ood_beta,335,base,COMPLETE,13,0,49,1,0,2,2,base-high,1.0,3.7948204130134386,3.794820413014719,1.528160364725089,91.2919206337069,3.7948204130134386,3.794820413014719,PLANTED_BETTER_ON_GRID,91.2919206337069,91.2919206337126,91.29192063370817,0.8940862735784947,0.9398545935228024,0.9398545935228024,1.0,0.9255569593102257,0.8824289315598595,0.962778479655113
ood_beta,335,extended,COMPLETE,13,0,49,1,0,2,2,base-high,1.0,3.7948204130134386,3.794820413014719,1.528160364725089,91.2919206337069,3.7948204130134386,3.794820413014719,PLANTED_BETTER_ON_GRID,91.2919206337069,91.2919206337126,91.29192063370817,0.8940862735784947,0.9398545935228024,0.9398545935228024,1.0,0.9255569593102257,0.8824289315598595,0.962778479655113
ood_beta,337,base,COMPLETE,19,0,65,1,0,3,3,base-high,1.0,4.8318363913427405,4.8318363913433435,1.4263440776804546,31.13522750043761,4.8318363913427405,4.8318363913433435,PLANTED_BETTER_ON_GRID,31.13522750043761,31.135227500438056,31.135227500438212,0.7769177188677359,0.9431326903890922,0.9431326903890922,1.0,0.8277906270022697,0.7769177188677359,0.8473878149721945
ood_beta,337,extended,COMPLETE,19,0,65,1,0,3,3,base-high,1.0,4.8318363913427405,4.8318363913433435,1.4263440776804546,31.13522750043761,4.8318363913427405,4.8318363913433435,PLANTED_BETTER_ON_GRID,31.13522750043761,31.135227500438056,31.135227500438212,0.7769177188677359,0.9431326903890922,0.9431326903890922,1.0,0.8277906270022697,0.7769177188677359,0.8473878149721945
ood_beta,381,base,COMPLETE,9,0,26,1,0,2,2,base-high,1.0,2.0776169198672334,2.0776169198673675,1.3589593796128392,261.2719129883594,2.0776169198672334,2.0776169198673675,PLANTED_BETTER_ON_GRID,261.2719129883594,261.27191298835453,261.27191298835953,0.49351262090115594,0.41878778147043416,0.41878778147043416,0.5843359282849729,0.49351262090115594,0.49351262090115594,0.49351262090115594
ood_beta,381,extended,COMPLETE,9,0,26,1,0,2,2,base-high,1.0,2.0776169198672334,2.0776169198673675,1.3589593796128392,261.2719129883594,2.0776169198672334,2.0776169198673675,PLANTED_BETTER_ON_GRID,261.2719129883594,261.27191298835453,261.27191298835953,0.49351262090115594,0.41878778147043416,0.41878778147043416,0.5843359282849729,0.49351262090115594,0.49351262090115594,0.49351262090115594
ood_beta,391,base,COMPLETE,20,0,66,1,0,3,3,base-high,1.0,12.890004470727654,12.890004470728616,2.2706831104959244,359.25225347366677,12.890004470727654,12.890004470728616,PLANTED_BETTER_ON_GRID,359.25225347366677,359.2522534736605,359.25225347366774,0.6908998196071551,0.7665067542762822,0.7645882525027549,0.8601805509101411,0.7161021311635308,0.6987433992645768,0.6908998196071551
ood_beta,391,extended,COMPLETE,20,0,66,1,0,3,3,base-high,1.0,12.890004470727654,12.890004470728616,2.2706831104959244,359.25225347366677,12.890004470727654,12.890004470728616,PLANTED_BETTER_ON_GRID,359.25225347366677,359.2522534736605,359.25225347366774,0.6908998196071551,0.7665067542762822,0.7645882525027549,0.8601805509101411,0.7161021311635308,0.6987433992645768,0.6908998196071551
ood_beta,399,base,COMPLETE,21,0,65,1,0,3,3,base-high,1.0,6.698852678852896,6.698852678852301,1.597480478020927,6.63279322484153,6.698852678852896,6.698852678852301,PLANTED_BETTER_ON_GRID,6.63279322484153,6.632793224841363,6.632793224840935,0.7222773115855391,0.8079726406543257,0.8079726406543257,0.9584825313042826,0.7386717605436535,0.7044747073525799,0.7478210195003577
ood_beta,399,extended,COMPLETE,21,0,65,1,0,3,3,base-high,1.0,6.698852678852896,6.698852678852301,1.597480478020927,6.63279322484153,6.698852678852896,6.698852678852301,PLANTED_BETTER_ON_GRID,6.63279322484153,6.632793224841363,6.632793224840935,0.7222773115855391,0.8079726406543257,0.8079726406543257,0.9584825313042826,0.7386717605436535,0.7044747073525799,0.7478210195003577
ood_beta,450,base,COMPLETE,8,0,17,1,0,2,2,base-high,1.0,1.6175174603047717,1.6175174603045082,1.2718165985331948,1081.5128017478187,1.6175174603047717,1.6175174603045082,PLANTED_BETTER_ON_GRID,1081.5128017478187,1081.5128017478078,1081.5128017478185,0.6312761222385063,0.5315095261358085,0.5315095261358085,0.5315095261358085,0.5201650111273951,0.6673600495873846,0.7262660804429246
ood_beta,450,extended,COMPLETE,8,0,17,1,0,2,2,base-high,1.0,1.6175174603047717,1.6175174603045082,1.2718165985331948,1081.5128017478187,1.6175174603047717,1.6175174603045082,PLANTED_BETTER_ON_GRID,1081.5128017478187,1081.5128017478078,1081.5128017478185,0.6312761222385063,0.5315095261358085,0.5315095261358085,0.5315095261358085,0.5201650111273951,0.6673600495873846,0.7262660804429246
ood_polyphony,1,base,COMPLETE,24,0,65,1,0,4,4,base-low,1.0,4.878663079442338,4.878663079442294,1.2752337144542347,20.164043902157253,4.878663079442338,4.878663079442294,PLANTED_BETTER_ON_GRID,20.164043902157253,20.164043902157275,20.16404390215721,0.9606423653635786,0.9756134504695547,0.9756134504695547,0.6794931242497774,0.9756134504695547,0.9606423653635786,0.9606423653635786
ood_polyphony,1,extended,COMPLETE,24,0,65,1,0,4,4,base-low,1.0,4.878663079442338,4.878663079442294,1.2752337144542347,20.164043902157253,4.878663079442338,4.878663079442294,PLANTED_BETTER_ON_GRID,20.164043902157253,20.164043902157275,20.16404390215721,0.9606423653635786,0.9756134504695547,0.9756134504695547,0.6794931242497774,0.9756134504695547,0.9606423653635786,0.9606423653635786
ood_polyphony,18,base,COMPLETE,24,0,65,1,0,4,4,base-low,1.0,9.661328388426293,9.661328388428075,1.7945592205727572,90.70114852144818,9.661328388426293,9.661328388428075,PLANTED_BETTER_ON_GRID,90.70114852144818,90.70114852145107,90.70114852144995,1.0,1.0,1.0,1.0,1.0,1.0,1.0
ood_polyphony,18,extended,COMPLETE,24,0,65,1,0,4,4,base-low,1.0,9.661328388426293,9.661328388428075,1.7945592205727572,90.70114852144818,9.661328388426293,9.661328388428075,PLANTED_BETTER_ON_GRID,90.70114852144818,90.70114852145107,90.70114852144995,1.0,1.0,1.0,1.0,1.0,1.0,1.0
ood_polyphony,87,base,COMPLETE,24,0,66,1,0,4,4,base-low,1.0,14.393312844722546,14.393312844722777,2.190381461810014,1313.1185527506564,14.393312844722546,14.393312844722777,PLANTED_BETTER_ON_GRID,1313.1185527506564,1313.1185527506514,1313.1185527506566,0.9174141952822603,0.9598221375258059,0.9598221375258059,0.9432492867607372,0.915448158654066,0.9250172878113067,0.9519991254300528
ood_polyphony,87,extended,COMPLETE,24,0,66,1,0,4,4,base-low,1.0,14.393312844722546,14.393312844722777,2.190381461810014,1313.1185527506564,14.393312844722546,14.393312844722777,PLANTED_BETTER_ON_GRID,1313.1185527506564,1313.1185527506514,1313.1185527506566,0.9174141952822603,0.9598221375258059,0.9598221375258059,0.9432492867607372,0.915448158654066,0.9250172878113067,0.9519991254300528
ood_polyphony,92,base,COMPLETE,22,0,65,1,0,4,4,base-low,1.0,6.944955692330354,6.944955692328956,1.5891628090205743,89.9394423871418,6.944955692330354,6.944955692328956,PLANTED_BETTER_ON_GRID,89.9394423871418,89.9394423871347,89.9394423871404,0.9681851048445408,0.9138887413913324,0.9138887413913324,0.8968095023232208,0.9681851048445408,0.9681851048445408,0.9681851048445408
ood_polyphony,92,extended,COMPLETE,22,0,65,1,0,4,4,base-low,1.0,6.944955692330354,6.944955692328956,1.5891628090205743,89.9394423871418,6.944955692330354,6.944955692328956,PLANTED_BETTER_ON_GRID,89.9394423871418,89.9394423871347,89.9394423871404,0.9681851048445408,0.9138887413913324,0.9138887413913324,0.8968095023232208,0.9681851048445408,0.9681851048445408,0.9681851048445408
ood_polyphony,139,base,COMPLETE,22,0,65,1,0,4,4,base-low,1.0,3.801582778496172,3.801582778497413,1.175752413408267,169.93435723379017,3.801582778496172,3.801582778497413,PLANTED_BETTER_ON_GRID,169.93435723379017,169.9343572337874,169.93435723379142,1.0,0.9873320537428023,0.9873320537428023,0.8293943870014773,1.0,1.0,1.0
ood_polyphony,139,extended,COMPLETE,22,0,65,1,0,4,4,base-low,1.0,3.801582778496172,3.801582778497413,1.175752413408267,169.93435723379017,3.801582778496172,3.801582778497413,PLANTED_BETTER_ON_GRID,169.93435723379017,169.9343572337874,169.93435723379142,1.0,0.9873320537428023,0.9873320537428023,0.8293943870014773,1.0,1.0,1.0
ood_polyphony,181,base,COMPLETE,26,0,65,0,0,4,4,base-low,0.845434369055168,8.629137354204607,8.629137354204678,1.629453646443844,353.2862221573479,9.826651675448987,9.826651675450076,RIVAL_BETTER_ON_GRID,-1.1975143212453982,-1.1975143212454693,-1.1975143212443093,0.8882498783333845,0.8922594757255333,0.8922594757255333,0.8688469223903508,0.8817822263523732,0.8817822263523732,0.875314574371362
ood_polyphony,181,extended,COMPLETE,26,0,65,0,0,4,4,base-low,0.845434369055168,8.629137354204607,8.629137354204678,1.629453646443844,353.2862221573479,9.826651675448987,9.826651675450076,RIVAL_BETTER_ON_GRID,-1.1975143212453982,-1.1975143212454693,-1.1975143212443093,0.8882498783333845,0.8922594757255333,0.8922594757255333,0.8688469223903508,0.8817822263523732,0.8817822263523732,0.875314574371362
ood_polyphony,242,base,COMPLETE,27,0,65,0,0,4,4,base-low,0.7059754281459419,19007.814019272977,19007.814019273024,75.04628501531182,1680.1278550520656,6.593317994105662,6.593317994105379,PLANTED_BETTER_ON_GRID,19001.22070127892,19001.22070127887,19001.22070127892,0.8432423337869381,0.7827895237473457,0.7827895237473457,0.7054717293339748,0.8233532568242512,0.8502940137795955,0.8304856988664117
ood_polyphony,242,extended,COMPLETE,27,0,65,0,0,4,4,base-low,0.7059754281459419,19007.814019272977,19007.814019273024,75.04628501531182,1680.1278550520656,6.593317994105662,6.593317994105379,PLANTED_BETTER_ON_GRID,19001.22070127892,19001.22070127887,19001.22070127892,0.8432423337869381,0.7827895237473457,0.7827895237473457,0.7054717293339748,0.8233532568242512,0.8502940137795955,0.8304856988664117
ood_polyphony,257,base,COMPLETE,23,0,65,1,0,4,4,base-low,1.0,7.652979074990743,7.652979074992248,1.6315347882330868,481.607781854292,7.652979074990743,7.652979074992248,PLANTED_BETTER_ON_GRID,481.607781854292,481.60778185429433,481.6077818542935,1.0,1.0,1.0,0.9225470687279963,1.0,1.0,1.0
ood_polyphony,257,extended,COMPLETE,23,0,65,1,0,4,4,base-low,1.0,7.652979074990743,7.652979074992248,1.6315347882330868,481.607781854292,7.652979074990743,7.652979074992248,PLANTED_BETTER_ON_GRID,481.607781854292,481.60778185429433,481.6077818542935,1.0,1.0,1.0,0.9225470687279963,1.0,1.0,1.0
ood_polyphony,272,base,COMPLETE,29,0,66,1,0,4,4,base-low,1.0,5.205278427528663,5.205278427529436,1.198306670497938,405.24166290194495,5.205278427528663,5.205278427529436,PLANTED_BETTER_ON_GRID,405.24166290194495,405.24166290193943,405.24166290194574,0.9907019351883659,0.972105805565098,1.0,0.972105805565098,1.0,0.9851745804224326,1.0
ood_polyphony,272,extended,COMPLETE,29,0,66,1,0,4,4,base-low,1.0,5.205278427528663,5.205278427529436,1.198306670497938,405.24166290194495,5.205278427528663,5.205278427529436,PLANTED_BETTER_ON_GRID,405.24166290194495,405.24166290193943,405.24166290194574,0.9907019351883659,0.972105805565098,1.0,0.972105805565098,1.0,0.9851745804224326,1.0
ood_polyphony,293,base,COMPLETE,19,0,67,1,0,4,4,base-low,1.0,2.235077266769122,2.235077266769468,0.9700954411580177,333.4937317261181,2.235077266769122,2.235077266769468,PLANTED_BETTER_ON_GRID,333.4937317261181,333.4937317261102,333.4937317261184,1.0,0.9226069246435844,0.9226069246435844,0.9226069246435844,1.0,1.0,1.0
ood_polyphony,293,extended,COMPLETE,19,0,67,1,0,4,4,base-low,1.0,2.235077266769122,2.235077266769468,0.9700954411580177,333.4937317261181,2.235077266769122,2.235077266769468,PLANTED_BETTER_ON_GRID,333.4937317261181,333.4937317261102,333.4937317261184,1.0,0.9226069246435844,0.9226069246435844,0.9226069246435844,1.0,1.0,1.0
ood_polyphony,304,base,COMPLETE,23,0,65,1,0,4,4,base-low,1.0,8.311416177480139,8.311416177479282,1.7002727328519276,144.8374886627708,8.311416177480139,8.311416177479282,PLANTED_BETTER_ON_GRID,144.8374886627708,144.837488662767,144.83748866276994,0.9582451876190904,0.9582451876190904,0.9469942426286515,0.8514710965002001,0.9582451876190904,0.9582451876190904,0.9582451876190904
ood_polyphony,304,extended,COMPLETE,23,0,65,1,0,4,4,base-low,1.0,8.311416177480139,8.311416177479282,1.7002727328519276,144.8374886627708,8.311416177480139,8.311416177479282,PLANTED_BETTER_ON_GRID,144.8374886627708,144.837488662767,144.83748866276994,0.9582451876190904,0.9582451876190904,0.9469942426286515,0.8514710965002001,0.9582451876190904,0.9582451876190904,0.9582451876190904
ood_polyphony,307,base,COMPLETE,24,0,65,0,1,4,4,base-low,1.0,11.05529263504518,11.055292635042575,1.9196607890495196,8.147220451526875,11.05529263504518,11.055292635042575,PLANTED_BETTER_ON_GRID,8.147220451526875,8.147220451526865,8.14722045152427,0.8314122250609124,0.8384117583188098,0.8475485036603494,0.8419147198656709,0.8314122250609124,0.8292065594390463,0.8314122250609124
ood_polyphony,307,extended,COMPLETE,24,0,65,0,1,4,4,base-low,1.0,11.05529263504518,11.055292635042575,1.9196607890495196,8.147220451526875,11.05529263504518,11.055292635042575,PLANTED_BETTER_ON_GRID,8.147220451526875,8.147220451526865,8.14722045152427,0.8314122250609124,0.8384117583188098,0.8475485036603494,0.8419147198656709,0.8314122250609124,0.8292065594390463,0.8314122250609124
ood_polyphony,354,base,COMPLETE,20,0,66,1,0,4,4,base-low,1.0,8.371388655806674,8.371388655807108,1.8299058616013124,193.76480457720376,8.371388655806674,8.371388655807108,PLANTED_BETTER_ON_GRID,193.76480457720376,193.76480457720174,193.7648045772042,0.8806570566506129,0.8737930373286691,0.8520734339753258,0.895251724454256,0.9055923041810046,0.8846243977526694,0.880945933037198
ood_polyphony,354,extended,COMPLETE,20,0,66,1,0,4,4,base-low,1.0,8.371388655806674,8.371388655807108,1.8299058616013124,193.76480457720376,8.371388655806674,8.371388655807108,PLANTED_BETTER_ON_GRID,193.76480457720376,193.76480457720174,193.7648045772042,0.8806570566506129,0.8737930373286691,0.8520734339753258,0.895251724454256,0.9055923041810046,0.8846243977526694,0.880945933037198
ood_polyphony,367,base,COMPLETE,20,0,67,1,0,4,4,base-low,1.0,9.386855486516708,9.386855486516609,1.9377157156318592,226.17848720332904,9.386855486516708,9.386855486516609,PLANTED_BETTER_ON_GRID,226.17848720332904,226.17848720332415,226.17848720332896,1.0,0.9291672491728412,1.0,0.8583344983456824,1.0,1.0,1.0
ood_polyphony,367,extended,COMPLETE,20,0,67,1,0,4,4,base-low,1.0,9.386855486516708,9.386855486516609,1.9377157156318592,226.17848720332904,9.386855486516708,9.386855486516609,PLANTED_BETTER_ON_GRID,226.17848720332904,226.17848720332415,226.17848720332896,1.0,0.9291672491728412,1.0,0.8583344983456824,1.0,1.0,1.0
ood_polyphony,372,base,COMPLETE,20,0,65,1,0,4,4,base-low,1.0,7.860114212649007,7.860114212648719,1.7731457032797482,13.35632644466394,7.860114212649007,7.860114212648719,PLANTED_BETTER_ON_GRID,13.35632644466394,13.35632644466226,13.356326444663653,1.0,1.0,1.0,1.0,1.0,1.0,1.0
ood_polyphony,372,extended,COMPLETE,20,0,65,1,0,4,4,base-low,1.0,7.860114212649007,7.860114212648719,1.7731457032797482,13.35632644466394,7.860114212649007,7.860114212648719,PLANTED_BETTER_ON_GRID,13.35632644466394,13.35632644466226,13.356326444663653,1.0,1.0,1.0,1.0,1.0,1.0,1.0
ood_polyphony,376,base,COMPLETE,29,0,66,1,0,4,4,base-low,1.0,12.582217246552519,12.582217246553068,1.8630503164992034,2.921404764508347,12.582217246552519,12.582217246553068,PLANTED_BETTER_ON_GRID,2.921404764508347,2.9214047645092958,2.921404764508896,1.0,1.0,1.0,1.0,1.0,1.0,1.0
ood_polyphony,376,extended,COMPLETE,29,0,66,1,0,4,4,base-low,1.0,12.582217246552519,12.582217246553068,1.8630503164992034,2.921404764508347,12.582217246552519,12.582217246553068,PLANTED_BETTER_ON_GRID,2.921404764508347,2.9214047645092958,2.921404764508896,1.0,1.0,1.0,1.0,1.0,1.0,1.0
ood_polyphony,391,base,COMPLETE,22,0,67,0,0,4,4,base-low,0.8859634688168504,25.11712606190565,25.117126061907975,3.0221681598065238,16.011553833475,8.165144100131357,8.165144100132139,PLANTED_BETTER_ON_GRID,16.951981961775836,16.951981961773512,16.951981961776617,0.7364239571888271,0.724018205250708,0.7400241962718146,0.724018205250708,0.7364239571888271,0.7458074217979669,0.7364239571888271
ood_polyphony,391,extended,COMPLETE,22,0,67,0,0,4,4,base-low,0.8859634688168504,25.11712606190565,25.117126061907975,3.0221681598065238,16.011553833475,8.165144100131357,8.165144100132139,PLANTED_BETTER_ON_GRID,16.951981961775836,16.951981961773512,16.951981961776617,0.7364239571888271,0.724018205250708,0.7400241962718146,0.724018205250708,0.7364239571888271,0.7458074217979669,0.7364239571888271
ood_polyphony,408,base,COMPLETE,24,0,65,0,0,4,4,base-low,0.6093272740817999,8.960194052995158,8.960194052995144,1.728216233866119,0.49353600361598815,3.237280973733646,3.237280973733711,PLANTED_BETTER_ON_GRID,5.722913079261433,5.722913079261447,5.722913079261498,0.6178332273987736,0.6057997360178128,0.6057997360178128,0.6411700522197186,0.6178332273987736,0.6057997360178128,0.6723838973723714
ood_polyphony,408,extended,COMPLETE,24,0,65,0,0,4,4,base-low,0.6093272740817999,8.960194052995158,8.960194052995144,1.728216233866119,0.49353600361598815,3.237280973733646,3.237280973733711,PLANTED_BETTER_ON_GRID,5.722913079261433,5.722913079261447,5.722913079261498,0.6178332273987736,0.6057997360178128,0.6057997360178128,0.6411700522197186,0.6178332273987736,0.6057997360178128,0.6723838973723714
ood_polyphony,431,base,COMPLETE,26,0,65,1,0,4,4,base-low,1.0,7.1079192900868104,7.107919290086246,1.4788685165549054,621.5647887249664,7.1079192900868104,7.107919290086246,PLANTED_BETTER_ON_GRID,621.5647887249664,621.5647887249562,621.5647887249659,1.0,1.0,1.0,1.0,1.0,1.0,1.0
ood_polyphony,431,extended,COMPLETE,26,0,65,1,0,4,4,base-low,1.0,7.1079192900868104,7.107919290086246,1.4788685165549054,621.5647887249664,7.1079192900868104,7.107919290086246,PLANTED_BETTER_ON_GRID,621.5647887249664,621.5647887249562,621.5647887249659,1.0,1.0,1.0,1.0,1.0,1.0,1.0
ood_polyphony,451,base,COMPLETE,22,0,66,0,0,4,3,base-low,0.7370517928286853,3570.502444165637,3570.502444165631,36.03282566148731,29.213884438289824,8.58022786897825,8.580227868979954,PLANTED_BETTER_ON_GRID,3561.922216296651,3561.922216296657,3561.9222162966526,0.8286289824491787,0.8286289824491787,0.8286289824491787,0.8198586171902928,0.8175113028034355,0.8145878477171401,0.8175113028034355
ood_polyphony,451,extended,COMPLETE,22,0,66,0,0,4,3,deformed-low,0.7370517928286853,3226.8863489022306,3226.8863489022265,34.255119584999676,34.76430522677265,8.58022786897825,8.580227868979954,PLANTED_BETTER_ON_GRID,3218.3061210332467,3218.3061210332507,3218.306121033248,0.8286289824491787,0.8286289824491787,0.8286289824491787,0.8198586171902928,0.8175113028034355,0.8145878477171401,0.8175113028034355
ood_polyphony,491,base,COMPLETE,27,0,65,1,0,4,4,base-low,1.0,8.60553085859941,8.605530858599263,1.596805223271287,204.01199913256482,8.60553085859941,8.605530858599263,PLANTED_BETTER_ON_GRID,204.01199913256482,204.01199913257418,204.01199913256465,1.0,1.0,1.0,0.9289617486338797,1.0,1.0,1.0
ood_polyphony,491,extended,COMPLETE,27,0,65,1,0,4,4,base-low,1.0,8.60553085859941,8.605530858599263,1.596805223271287,204.01199913256482,8.60553085859941,8.605530858599263,PLANTED_BETTER_ON_GRID,204.01199913256482,204.01199913257418,204.01199913256465,1.0,1.0,1.0,0.9289617486338797,1.0,1.0,1.0
ood_polyphony,492,base,COMPLETE,20,0,67,0,0,4,4,base-low,0.8612688625669317,4439.583563864314,4439.5835638643475,42.14063864662872,23.341991473436792,2.8554287399344633,2.855428739934304,PLANTED_BETTER_ON_GRID,4436.728135124413,4436.728135124379,4436.728135124413,0.6726426380897608,0.6482521978475441,0.6298529146140599,0.7126981753746716,0.7180074671335038,0.6817597415839783,0.690717119016311
ood_polyphony,492,extended,COMPLETE,20,0,67,0,0,4,4,base-low,0.8612688625669317,4439.583563864314,4439.5835638643475,42.14063864662872,23.341991473436792,2.8554287399344633,2.855428739934304,PLANTED_BETTER_ON_GRID,4436.728135124413,4436.728135124379,4436.728135124413,0.6726426380897608,0.6482521978475441,0.6298529146140599,0.7126981753746716,0.7180074671335038,0.6817597415839783,0.690717119016311
ood_polyphony,494,base,COMPLETE,18,0,65,1,0,4,4,base-low,1.0,3.687406885498387,3.68740688549947,1.2801747945755062,105.963049318448,3.687406885498387,3.68740688549947,PLANTED_BETTER_ON_GRID,105.963049318448,105.96304931844323,105.96304931844908,0.903929432493784,0.8649589237381492,0.8649589237381492,0.8649589237381492,0.9131335472745093,0.8812935255057369,0.9049662463907155
ood_polyphony,494,extended,COMPLETE,18,0,65,1,0,4,4,base-low,1.0,3.687406885498387,3.68740688549947,1.2801747945755062,105.963049318448,3.687406885498387,3.68740688549947,PLANTED_BETTER_ON_GRID,105.963049318448,105.96304931844323,105.96304931844908,0.903929432493784,0.8649589237381492,0.8649589237381492,0.8649589237381492,0.9131335472745093,0.8812935255057369,0.9049662463907155
ood_polyphony,499,base,COMPLETE,20,0,67,1,0,4,4,base-low,1.0,5.7781894173347945,5.778189417335726,1.520288053933958,0.5206654682434788,5.7781894173347945,5.778189417335726,PLANTED_BETTER_ON_GRID,0.5206654682434788,0.5206654682428722,0.5206654682444105,0.8162629082246329,0.7862205287820208,0.8150132397102905,0.8243222627143842,0.8398133168610088,0.8356111678262357,0.8440207158078229
ood_polyphony,499,extended,COMPLETE,20,0,67,1,0,4,4,base-low,1.0,5.7781894173347945,5.778189417335726,1.520288053933958,0.5206654682434788,5.7781894173347945,5.778189417335726,PLANTED_BETTER_ON_GRID,0.5206654682434788,0.5206654682428722,0.5206654682444105,0.8162629082246329,0.7862205287820208,0.8150132397102905,0.8243222627143842,0.8398133168610088,0.8356111678262357,0.8440207158078229
deformed_family,6,base,NO_OBSERVABLE_CANDIDATE,15,0,0,0,0,3,,,,,,,,767.1430907266919,767.1430907266797,NO_OBSERVABLE_RIVAL,,,,0.5636012925001643,0.48302389329815454,0.45369682769869674,0.48302389329815454,0.6261990014390947,0.549012536862958,0.5056755508691388
deformed_family,6,extended,NO_OBSERVABLE_CANDIDATE,15,0,0,0,0,3,,,,,,,,1.0560851744867472,1.0560851744864608,NO_OBSERVABLE_RIVAL,,,,0.5636012925001643,0.48302389329815454,0.45369682769869674,0.48302389329815454,0.6261990014390947,0.549012536862958,0.5056755508691388
deformed_family,9,base,COMPLETE,19,0,65,1,0,3,3,base-low,1.0,183.87425878426023,183.87425878426333,8.79890564449594,104.94363942399664,183.87425878426023,183.87425878426333,PLANTED_BETTER_ON_GRID,104.94363942399664,104.94363942400119,104.94363942399974,0.9922022490355413,0.953213494213248,0.953213494213248,0.976606747106624,0.976606747106624,0.9844044980710827,0.9844044980710827
deformed_family,9,extended,COMPLETE,19,0,65,1,0,3,3,deformed-low,1.0,7.537232107029667,7.537232107028742,1.7814520519749497,90.66893402822996,7.537232107029667,7.537232107028742,PLANTED_BETTER_ON_GRID,90.66893402822996,90.66893402823065,90.66893402822903,0.9922022490355413,0.953213494213248,0.953213494213248,0.976606747106624,0.976606747106624,0.9844044980710827,0.9844044980710827
deformed_family,35,base,COMPLETE,13,0,49,1,0,2,2,base-low,1.0,242.26362054283544,242.26362054283808,12.210049342629146,183.70296486398362,242.26362054283544,242.26362054283808,PLANTED_BETTER_ON_GRID,183.70296486398362,183.702964863976,183.70296486398627,0.9083801043290255,0.6974142106609329,0.6797792892327184,0.828190032488141,0.9456054281359584,0.8912108562719168,0.9083801043290255
deformed_family,35,extended,COMPLETE,13,0,49,1,0,2,2,deformed-low,1.0,3.4357920571467795,3.435792057145859,1.4540748170669187,149.63911077240033,3.4357920571467795,3.435792057145859,PLANTED_BETTER_ON_GRID,149.63911077240033,149.63911077239854,149.6391107723994,0.9083801043290255,0.6974142106609329,0.6797792892327184,0.828190032488141,0.9456054281359584,0.8912108562719168,0.9083801043290255
deformed_family,50,base,COMPLETE,19,0,66,1,0,3,3,base-low,0.850441281704699,215.8826364002073,215.8826364002138,9.534041754078432,7.860264850915115,223.74290125112356,223.74290125112893,RIVAL_BETTER_ON_GRID,-7.860264850915115,-7.860264850921624,-7.8602648509097435,0.8600445135583694,0.8434268781922248,0.8609275585548277,0.9002941878031326,0.8295925889078006,0.8956179187948164,0.8502105888557234
deformed_family,50,extended,COMPLETE,19,0,66,1,0,3,3,deformed-low,1.0,4.339607915104544,4.33960791510605,1.3517408526327193,5.643479661838959,4.339607915104544,4.33960791510605,PLANTED_BETTER_ON_GRID,5.643479661838959,5.64347966183938,5.643479661840464,0.8600445135583694,0.8434268781922248,0.8609275585548277,0.9002941878031326,0.8295925889078006,0.8956179187948164,0.8502105888557234
deformed_family,65,base,COMPLETE,15,0,65,1,0,3,3,base-low,1.0,119.80329472936835,119.80329472937251,7.993440468429861,237.7303999945948,119.80329472936835,119.80329472937251,PLANTED_BETTER_ON_GRID,237.7303999945948,237.7303999945941,237.73039999459894,0.7639163192931955,0.7796755975833991,0.6790367804717137,0.8186564223798266,0.8010266019708541,0.7195201844701543,0.7433162618714326
deformed_family,65,extended,COMPLETE,15,0,65,1,0,3,3,deformed-low,1.0,2.243565336255535,2.243565336254898,1.0938775888260661,223.30240709550924,2.243565336255535,2.243565336254898,PLANTED_BETTER_ON_GRID,223.30240709550924,223.3024070955086,223.3024070955086,0.7639163192931955,0.7796755975833991,0.6790367804717137,0.8186564223798266,0.8010266019708541,0.7195201844701543,0.7433162618714326
deformed_family,81,base,COMPLETE,11,0,36,0,1,2,2,base-low,1.0,175.10255157937286,175.10255157937914,11.28482654893501,977.8190648487608,175.10255157937286,175.10255157937914,PLANTED_BETTER_ON_GRID,977.8190648487608,977.8190648487495,977.8190648487671,0.38105919519164194,0.41668732081428317,0.41668732081428317,0.41668732081428317,0.38125216952254726,0.3808662208607365,0.38105919519164194
deformed_family,81,extended,COMPLETE,11,0,36,0,1,2,2,deformed-low,1.0,1.4963831020769176,1.4963831020772476,1.043205933501414,591.4977593737518,1.4963831020769176,1.4963831020772476,PLANTED_BETTER_ON_GRID,591.4977593737518,591.4977593737485,591.4977593737522,0.38105919519164194,0.41668732081428317,0.41668732081428317,0.41668732081428317,0.38125216952254726,0.3808662208607365,0.38105919519164194
deformed_family,86,base,COMPLETE,14,0,57,0,1,2,2,base-low,1.0,498.4338911316853,498.43389113168615,16.876592261501205,7.522319272701566,498.4338911316853,498.43389113168615,PLANTED_BETTER_ON_GRID,7.522319272701566,7.522319272699974,7.522319272702418,0.746691595434127,0.7406472545473973,0.7406472545473973,0.6914979624096758,0.7047569908530311,0.7065854900629018,0.7047569908530311
deformed_family,86,extended,COMPLETE,14,0,57,0,1,2,2,deformed-low,1.0,2.7273972594996754,2.727397259499481,1.2484040690874052,1.4181105056083578,2.7273972594996754,2.727397259499481,PLANTED_BETTER_ON_GRID,1.4181105056083578,1.4181105056082468,1.4181105056081633,0.746691595434127,0.7406472545473973,0.7406472545473973,0.6914979624096758,0.7047569908530311,0.7065854900629018,0.7047569908530311
deformed_family,90,base,COMPLETE,13,0,66,1,0,2,3,base-high,0.5851063829787234,174.95523282743815,174.95523282743196,10.3761630029137,10.024279143779296,266.52163039676407,266.5216303967683,RIVAL_BETTER_ON_GRID,-91.56639756933632,-91.56639756933012,-91.56639756933211,0.6286857454852132,0.6286857454852132,0.6286857454852132,0.6286857454852132,0.6286857454852132,0.6286857454852132,0.6286857454852132
deformed_family,90,extended,COMPLETE,13,0,66,1,0,2,3,deformed-low,0.5851063829787234,2.287148227460731,2.287148227461867,1.1863708662489225,0.06139748391084954,3.513585947618607,3.513585947618909,RIVAL_BETTER_ON_GRID,-1.2264377201570422,-1.2264377201581782,-1.2264377201567402,0.6286857454852132,0.6286857454852132,0.6286857454852132,0.6286857454852132,0.6286857454852132,0.6286857454852132,0.6286857454852132
deformed_family,111,base,COMPLETE,15,0,65,1,0,2,2,base-low,1.0,18.310451055115113,18.31045105511622,3.124991823359227,1275.0482165846975,18.310451055115113,18.31045105511622,PLANTED_BETTER_ON_GRID,1275.0482165846975,1275.0482165846888,1275.0482165846984,1.0,1.0,1.0,1.0,1.0,1.0,1.0
deformed_family,111,extended,COMPLETE,15,0,65,1,0,2,2,deformed-low,1.0,6.08851823588198,6.088518235880823,1.8020015887349006,1287.2701494039327,6.08851823588198,6.088518235880823,PLANTED_BETTER_ON_GRID,1287.2701494039327,1287.270149403924,1287.2701494039316,1.0,1.0,1.0,1.0,1.0,1.0,1.0
deformed_family,149,base,COMPLETE,13,0,67,1,0,3,3,base-low,1.0,775.4968550134923,775.4968550134913,21.845567830900077,2268.018558852749,775.4968550134923,775.4968550134913,PLANTED_BETTER_ON_GRID,2268.018558852749,2268.0185588527397,2268.018558852748,0.7888438410302709,0.8086476899247104,0.8288919146728913,0.8086476899247104,0.7888438410302709,0.8009413881312498,0.7888438410302709
deformed_family,149,extended,COMPLETE,13,0,67,1,0,3,3,deformed-low,1.0,0.28907910906522655,0.2890791090652793,0.4217758129004483,2904.0597731772305,0.28907910906522655,0.2890791090652793,PLANTED_BETTER_ON_GRID,2904.0597731772305,2904.059773177258,2904.0597731772305,0.7888438410302709,0.8086476899247104,0.8288919146728913,0.8086476899247104,0.7888438410302709,0.8009413881312498,0.7888438410302709
deformed_family,162,base,COMPLETE,14,0,64,1,0,2,2,base-low,1.0,41.45397619800398,41.453976198005684,4.867030552488906,357.53061335645646,41.45397619800398,41.453976198005684,PLANTED_BETTER_ON_GRID,357.53061335645646,357.5306133564418,357.53061335645816,0.9851088201603666,0.9553264604810996,0.9553264604810996,1.0,0.9249236349751813,0.9851088201603666,0.9398148148148147
deformed_family,162,extended,COMPLETE,14,0,64,1,0,2,2,deformed-low,1.0,4.3409230751434045,4.340923075143494,1.5749690382704427,323.3966936088076,4.3409230751434045,4.340923075143494,PLANTED_BETTER_ON_GRID,323.3966936088076,323.3966936088127,323.3966936088077,0.9851088201603666,0.9553264604810996,0.9553264604810996,1.0,0.9249236349751813,0.9851088201603666,0.9398148148148147
deformed_family,169,base,COMPLETE,15,0,66,0,0,3,3,base-high,0.6266666666666667,777.7546464301485,777.7546464301408,20.366700226008074,1174.2076104751864,780.4913982594504,780.4913982594444,RIVAL_BETTER_ON_GRID,-2.7367518293035573,-2.7367518292959403,-2.7367518293095827,0.35528206319112665,0.3528061187882962,0.28469433288710394,0.3909151019446935,0.3670992479254951,0.33141950303662165,0.35751492974623034
deformed_family,169,extended,COMPLETE,15,0,66,0,0,3,3,deformed-low,0.6266666666666667,13.039526748667237,13.039526748667637,2.6371223456555986,1042.3368802751093,0.6230855318354614,0.6230855318357321,PLANTED_BETTER_ON_GRID,12.416441216831904,12.416441216831505,12.416441216832176,0.35528206319112665,0.3528061187882962,0.28469433288710394,0.3909151019446935,0.3670992479254951,0.33141950303662165,0.35751492974623034
deformed_family,250,base,COMPLETE,14,0,64,1,0,2,2,base-low,1.0,511.7118744501651,511.71187445017324,17.099906005592512,158.82794642287297,511.7118744501651,511.71187445017324,PLANTED_BETTER_ON_GRID,158.82794642287297,158.82794642286683,158.8279464228811,0.7444732795078816,0.6982323232323232,0.6982323232323232,0.6982323232323232,0.7444732795078816,0.7444732795078816,0.7444732795078816
deformed_family,250,extended,COMPLETE,14,0,64,1,0,2,2,deformed-low,1.0,2.6854652264161025,2.685465226416109,1.238770179634646,667.8543556466301,2.6854652264161025,2.685465226416109,PLANTED_BETTER_ON_GRID,667.8543556466301,667.854355646624,667.8543556466301,0.7444732795078816,0.6982323232323232,0.6982323232323232,0.6982323232323232,0.7444732795078816,0.7444732795078816,0.7444732795078816
deformed_family,257,base,COMPLETE,12,0,67,1,0,3,3,base-low,1.0,67.3532030674791,67.35320306748143,6.700905564050355,322.6502813177951,67.3532030674791,67.35320306748143,PLANTED_BETTER_ON_GRID,322.6502813177951,322.65028131780844,322.6502813177974,0.9731379731379732,0.9597069597069596,0.9597069597069596,0.9597069597069596,0.9865689865689866,0.9462759462759462,0.9731379731379732
deformed_family,257,extended,COMPLETE,12,0,67,1,0,3,3,deformed-low,1.0,0.8766940294650352,0.8766940294649795,0.7645015933992463,389.1267903558115,0.8766940294650352,0.8766940294649795,PLANTED_BETTER_ON_GRID,389.1267903558115,389.1267903558249,389.12679035581147,0.9731379731379732,0.9597069597069596,0.9597069597069596,0.9597069597069596,0.9865689865689866,0.9462759462759462,0.9731379731379732
deformed_family,278,base,COMPLETE,19,0,65,1,0,3,3,base-low,1.0,40.39048549292772,40.39048549293234,4.123896241123245,8.828865433278786,40.39048549292772,40.39048549293234,PLANTED_BETTER_ON_GRID,8.828865433278786,8.828865433274636,8.828865433283404,0.9400537771688006,0.9724060029046312,0.9724060029046312,1.0,0.9400537771688006,0.9400537771688006,0.9400537771688006
deformed_family,278,extended,COMPLETE,19,0,65,1,0,3,3,deformed-low,1.0,5.675933247927758,5.675933247929103,1.5459193480602378,5.911765608550335,5.675933247927758,5.675933247929103,PLANTED_BETTER_ON_GRID,5.911765608550335,5.9117656085503425,5.91176560855168,0.9400537771688006,0.9724060029046312,0.9724060029046312,1.0,0.9400537771688006,0.9400537771688006,0.9400537771688006
deformed_family,279,base,COMPLETE,15,0,65,1,0,2,2,base-low,1.0,44.3363572512076,44.3363572512083,4.8627211724141075,89.12649514116826,44.3363572512076,44.3363572512083,PLANTED_BETTER_ON_GRID,89.12649514116826,89.12649514117093,89.12649514116896,1.0,1.0,1.0,1.0,1.0,1.0,1.0
deformed_family,279,extended,COMPLETE,15,0,65,1,0,2,2,deformed-low,1.0,7.169551519512899,7.169551519512372,1.9554438908868241,107.7253110224854,7.169551519512899,7.169551519512372,PLANTED_BETTER_ON_GRID,107.7253110224854,107.72531102248456,107.72531102248487,1.0,1.0,1.0,1.0,1.0,1.0,1.0
deformed_family,304,base,COMPLETE,18,0,67,0,0,3,3,base-low,0.25231873940361027,4906.2221206841095,4906.222120684148,46.69628641282419,4344.351700540699,332.77464877347836,332.77464877348314,PLANTED_BETTER_ON_GRID,4573.447471910665,4573.4474719106265,4573.447471910669,0.4621796470736206,0.41068790100904345,0.4203952464816282,0.46930528951142253,0.48241174829725725,0.491640624616382,0.4940326176525165
deformed_family,304,extended,COMPLETE,18,0,67,0,0,3,3,deformed-low,0.25231873940361027,4084.0544629960827,4084.0544629961023,42.60440490004707,5166.519358228745,3.7984211434407875,3.798421143440802,PLANTED_BETTER_ON_GRID,4080.2560418526614,4080.256041852642,4080.2560418526614,0.4621796470736206,0.41068790100904345,0.4203952464816282,0.46930528951142253,0.48241174829725725,0.491640624616382,0.4940326176525165
deformed_family,350,base,COMPLETE,9,0,26,1,0,2,2,base-high,1.0,510.0602855117334,510.06028551173307,21.29288426810404,840.6603009259718,510.0602855117334,510.06028551173307,PLANTED_BETTER_ON_GRID,840.6603009259718,840.660300925972,840.6603009259716,0.5815201501476012,0.6061938061938063,0.5458619811560989,0.6061938061938063,0.5798130700091485,0.5340614360222203,0.5815201501476012
deformed_family,350,extended,COMPLETE,9,0,26,1,0,2,2,deformed-low,1.0,0.9044682527582079,0.9044682527578264,0.8966447346798844,265.4679850749976,0.9044682527582079,0.9044682527578264,PLANTED_BETTER_ON_GRID,265.4679850749976,265.4679850750049,265.4679850749973,0.5815201501476012,0.6061938061938063,0.5458619811560989,0.6061938061938063,0.5798130700091485,0.5340614360222203,0.5815201501476012
deformed_family,440,base,COMPLETE,14,0,57,0,1,2,2,base-low,1.0,570.8966069800409,570.8966069800508,18.061745003183653,425.73917360059465,570.8966069800409,570.8966069800508,PLANTED_BETTER_ON_GRID,425.73917360059465,425.73917360057897,425.73917360060454,0.71364522417154,0.6360380116959065,0.6360380116959065,0.7291666666666666,0.7291666666666666,0.71364522417154,0.7291666666666666
deformed_family,440,extended,COMPLETE,14,0,57,0,1,2,2,deformed-low,1.0,7.016293576698317,7.0162935767000105,2.002326300895328,410.06703296263606,7.016293576698317,7.0162935767000105,PLANTED_BETTER_ON_GRID,410.06703296263606,410.0670329626408,410.06703296263777,0.71364522417154,0.6360380116959065,0.6360380116959065,0.7291666666666666,0.7291666666666666,0.71364522417154,0.7291666666666666
deformed_family,466,base,COMPLETE,14,0,66,1,0,2,2,base-low,1.0,534.6556460882306,534.6556460882402,17.47905924386161,1215.3897954556087,534.6556460882306,534.6556460882402,PLANTED_BETTER_ON_GRID,1215.3897954556087,1215.3897954556292,1215.3897954556182,0.7358731478233722,0.7358731478233722,0.6437045820791146,0.7738108156990414,0.6744274373272003,0.6744274373272003,0.6437045820791146
deformed_family,466,extended,COMPLETE,14,0,66,1,0,2,2,deformed-low,1.0,2.7164294050745608,2.7164294050742304,1.2458913974854082,1326.748760438994,2.7164294050745608,2.7164294050742304,PLANTED_BETTER_ON_GRID,1326.748760438994,1326.7487604390037,1326.7487604389937,0.7358731478233722,0.7358731478233722,0.6437045820791146,0.7738108156990414,0.6744274373272003,0.6744274373272003,0.6437045820791146
deformed_family,471,base,COMPLETE,9,0,26,1,0,2,2,base-low,1.0,4.877668533994855,4.877668533995303,2.082235664748659,68.78873818758696,4.877668533994855,4.877668533995303,PLANTED_BETTER_ON_GRID,68.78873818758696,68.78873818758467,68.78873818758741,1.0,1.0,1.0,1.0,1.0,1.0,1.0
deformed_family,471,extended,COMPLETE,9,0,26,1,0,2,2,deformed-low,1.0,4.157405194745582,4.157405194744619,1.922360862121725,41.050349853950145,4.157405194745582,4.157405194744619,PLANTED_BETTER_ON_GRID,41.050349853950145,41.0503498539494,41.050349853949186,1.0,1.0,1.0,1.0,1.0,1.0,1.0
deformed_family,472,base,COMPLETE,13,0,66,1,0,2,3,base-low,0.5851063829787234,127.93006908188288,127.930069081884,8.872778390001775,60.78430650659061,313.9576577768548,313.9576577768612,RIVAL_BETTER_ON_GRID,-186.0275886949772,-186.0275886949783,-186.02758869497077,0.8617021276595744,0.8617021276595744,0.8617021276595744,0.8617021276595744,0.8272193690388847,0.8617021276595744,0.8617021276595744
deformed_family,472,extended,COMPLETE,13,0,66,1,0,2,3,deformed-low,0.5851063829787234,2.818295303328921,2.8182953033288465,1.3169417493873101,0.14547144393574474,6.342438296686298,6.3424382966861215,RIVAL_BETTER_ON_GRID,-3.524142993357275,-3.5241429933572004,-3.5241429933574517,0.8617021276595744,0.8617021276595744,0.8617021276595744,0.8617021276595744,0.8272193690388847,0.8617021276595744,0.8617021276595744
deformed_family,487,base,COMPLETE,16,0,65,1,0,2,2,base-low,1.0,89.83142500656103,89.83142500656349,6.7019185688339915,43.140931596610855,89.83142500656103,89.83142500656349,PLANTED_BETTER_ON_GRID,43.140931596610855,43.14093159660946,43.140931596613314,1.0,1.0,1.0,1.0,1.0,1.0,1.0
deformed_family,487,extended,COMPLETE,16,0,65,1,0,2,2,deformed-low,1.0,6.9424471417310345,6.94244714172988,1.8631219957010146,36.74741323983609,6.9424471417310345,6.94244714172988,PLANTED_BETTER_ON_GRID,36.74741323983609,36.74741323983634,36.747413239834934,1.0,1.0,1.0,1.0,1.0,1.0,1.0
deformed_family,500,base,COMPLETE,10,0,31,1,0,2,2,base-high,1.0,269.6777171328761,269.67771713287266,14.688164409016451,747.9539056398675,269.6777171328761,269.67771713287266,PLANTED_BETTER_ON_GRID,747.9539056398675,747.9539056398627,747.9539056398639,0.8165137614678899,0.5552489164035371,0.5230427972408962,0.6772001359157322,0.908256880733945,0.6365497294116671,0.6524065648403681
deformed_family,500,extended,COMPLETE,10,0,31,1,0,2,2,deformed-low,1.0,3.4720781083446832,3.4720781083457632,1.6666320789774172,811.5108929590656,3.4720781083446832,3.4720781083457632,PLANTED_BETTER_ON_GRID,811.5108929590656,811.5108929590674,811.5108929590666,0.8165137614678899,0.5552489164035371,0.5230427972408962,0.6772001359157322,0.908256880733945,0.6365497294116671,0.6524065648403681
